"CDI","code","genus","species","authority","common_name"
"2","ABAL","Abies","alba","Mill,","silver fir, European fir"
"1","ABAM*","Abies","amabilis","Dougl. ex Forbes","Pacific silver fir"
"2","ABBA","Abies","balsamea","(L.) Mill,","balsam fir"
"0","ABBN","Abies","bornmuelleriana","Mattf.","Bornmueller’s fir"
"1","ABBO*","Abies","borisii-regis","Mattf.","Bulgarian fir, King Boris fir"
"0","ABBR","Abies","bracteata","(D.Don) Nutt,","bristlecone fir"
"1","ABCE*","Abies","cephalonica Loud.",NA,"Greek fir"
"0","ABCH","Abies","chensiensis","van Tiegh","Chensien fir"
"1","ABCI","Abies","cilicica","(Ant. & Kotschy) Carr.","Cilician fir"
"2","ABCO*","Abies","concolor","(Gord. & Glend.) Lindl. ex Hildebr.","white fir"
"0","ABEQ","Abies","equi-trojani","Aschers. & Sint.","Abies emestii Rehd. = Abies recurvata var. emestii (Rehd.) Kuan"
"0","ABFI","Abies","firma","Sieb. & Zucc.","Japanese fir, Momi fir"
"1","ABFO","Abies","forestii","Rogers","Chinese fir"
"1","ABFR","Abies","fraseri","(Pursh) Poir.","Fraser fir"
"0","ABFX","Abies","faxoniana","Rehd. & Wils.","Faxon fir"
"1","ABGR","Abies","grandis","(Dougl. ex D. Don) Lindl.","grand fir, giant fir"
"0","ABHO","Abies","holophylla","Maxim.","Manchurian fir"
"1","ABKO","Abies","koreana","Wils.","Korean fir"
"2","ABLA*","Abies","lasiocarpa","(Hook.) Nutt,","subalpine fir, corkbark fir"
"1","ABMA","Abies","magnifica","A. Murr.","California red fir"
"1","ABMC","Abies","marocana","T rabut","Moroccan fir"
"0","ABNB","Abies","nebrodensis","(Lojac.) Mattei","Sicilian fir"
"0","ABNE","Abies","nephrolepis","Maxim.","East Siberian fir"
"1","ABNO*","Abies","nordmanniana","(Stev.) Spach","Caucasian fir"
"1","ABNU","Abies","numidica","De Lannoy ex. Carr.","Algerian fir"
"1","ABPI*","Abies","pindrow","(Royle) Spach","Himalayan silver fir, West Himalayan fir"
"1","ABPN*","Abies","pinsapo","Boiss.","Spanish fir"
"1","ABPR*","Abies","procera","Rehd.","noble fir"
"1","ABRC","Abies","recurvata","Mast.","Min fir"
"0","ABRE","Abies","religiosa","Schlecht.","Mexican fir, sacred fir"
"0","ABSA","Abies","sachalinensis","(Schmidt) Mast.","Sachalin fir, todo"
"1","ABSB*","Abies","spectabilis","(D. Don) Spach","silver fir, East Himalayan fir"
"0","ABSI","Abies","sibirica Ledeb.",NA,"Siberian fir"
"","ABSP","Abies Mill",NA,NA,"fir"
"0","ABVI","Abies","vietchii Lindl.",NA,"Vietch’s silver fir"
"0","ACAL","Acacia","alpina",NA,NA
"0","ACCA","Acacia","catechu","Willd.","cutch, Indian acacia"
"1","ACCA","Acer","campestre L.",NA,"hedge maple, field maple"
"0","ACGI","Acacia","giraffae","Willd.","camel thorn"
"0","ACHO","Acacia","hotwittii",NA,NA
"0","ACME","Acacia","melanoxylon","R.Br.","blackwood"
"0","ACNE","Acer","negundo L.",NA,"boxelder, ash-leaved maple"
"1","ACOP","Acer","opalus","Mill.","Italian maple"
"0","ACPE","Acer","pensylvanicum L.",NA,"striped maple"
"1","ACPL","Acer","platanoides L.",NA,"Norway maple"
"1","ACPS","Acer","pseudoplatanus L.",NA,"sycamore maple, plane tree"
"0","ACRA","Acacia","raddiana","Savia","Israelian acacia"
"1","ACRU","Acer","rubrum L.",NA,"red maple"
"0","ACSA","Acer","saccharinum L.",NA,"silver maple"
"0","ACSC","Acer","spicatum Lam.",NA,"mountain maple"
"2","ACSH*","Acer","saccharum","Marsh,","sugar maple"
"","ACSP","Acer L.",NA,NA,"maple"
"0","ADDI","Adansonia","digitata L.",NA,"baobab, monkey bread tree"
"0","ADFA","Adenostoma","fasciculatum","Hook. & Am.","chamise, greasewood"
"1","ADHO*","Adesmia","horrida","Gill.",NA
"1","ADUS*","Adesmia","uspallatensis","Gill.",NA
"0","AEHI","Aesculus","hippocastanum L.",NA,"horse chestnut"
"0","AEPU","Aextoxicon","punctatum","R. & Pav.","olivillo, tique"
"0","AFAF","Afzelia","africana","Smith","afzelia, apa, doussie, alinga, papao"
"2","AGAU*","Agathis","australis","(D. Don) Lindley","kauri pine"
"0","AGMA","Agathis","macrophylla",NA,"Fijian kauri"
"0","AGMO","Agathis","moorei","Mast,","kauri"
"0","AGPA","Agathis","palmerstoni","F.v.M.","North Queensland kauri, Australian agathis"
"2","AGRO","Agathis","robusta","(C. Moore ex F. Muell) Bailey","kauri pine, Queensland kauri"
"0","AGVI","Agathis","vitiensls","(Seeman) Benth. & Hook.f.","ex Drake Fiji kauri, dakua"
"0","AIAL","Aiianthus","altissima","(Mill.) Swingle","Tree of Heaven"
"0","ALCR","Alnus","viridis","var. crispa (Ait.) Turrill","American green alder"
"1","ALGL","Alnus","glutinosa","(L.) Gaertn.","common alder, European alder, black alder"
"1","ALIN","Alnus","incana","(L.) Moench","grey alder, white alder"
"0","ALMA","Alnus","maximowiczii","Callier",NA
"0","ALRG","Alnus","rugosa","(Du Roi) Spreng,","speckled alder, rough alder"
"0","ALRH","Alnus","rhombifolia","Nutt,","white alder"
"0","ALRU","Alnus","rubra","Bong,","red alder"
"0","ALSE","Alnus","serrulata","(Ait.) Willd.","hazel alder"
"0","ALSI","Alnus","sinuata","(Regel.) Rydb.","Sitka alder"
"","ALSP","Alnus Mill.",NA,NA,"alder Alnus crispa = Alnus viridis var. Alnus crispa = Alnus viridis var. crispa (Ait.) Turrill Alnus crispa = Alnus viridis var. crispa (Ait.) Turrill NA"
"1","ALVI","Alnus","viridis","(Chaix) DC. in Lam. & DC.","green alder"
"0","AMLU","Amomyrtus","luma","(Mol.) Legr. & Kaus,","luma"
"1","AMSP","Amelanchier Medik",NA,NA,"serviceberry"
"1","ARAN","Araucaria","angustifolia","(Bertol.) Kuntze","Parana araucaria, Parana pine, candelabra tree"
"2","ARAR*","Araucaria","araucaria","(Molina) K. Koch","monkey puzzle, araucaria, pehuen, Chile pine"
"0","ARBI","Araucaria","bidwilli","Hook,","bunya pine, bunya"
"0","ARCU","Araucaria","cunninghamii","Aiton ex D. Don","hoop pine, Moreton bay pine, colonial pine"
"0","ARGL","Arctostaphylos","glauca Lindi,",NA,"bigberry manzanita"
"0","ARHE","Araucaria","heterophylla","(Salisb.) Franco","Norfolk Island pine"
"0","ARHU","Araucaria","hunsteinii",NA,"Klinki pine"
"","ARSP","Araucaria A.L.",NA,"Juss.","araucaria"
"1","ARTR","Artemisia","tridentata","Nutt,","big sagebrush"
"2","ATCU*","Athrotaxis","cupressoides","D. Don","pencil pine, smooth Tasmanian cedar"
"2","ATSE*","Athrotaxis","selaginoides","D. Don","King Billy pine"
"2","AUCH*","Austrocedrus","chilensis","(D. Don) Florin & Boutelje","Chilean cedar, cipres de la cordillera, Chilean incense cedar"
"0","BAAE","Balanites","aegyptiaca","Del.","Jericho balsam, heglig"
"0","BEAB","Betula","albosinensis","Burk.","Chinese birch"
"1","BEAL","Betula","alleghaniensis","Britton","yellow birch Betula carpatica Walldst. & Kit. ex Willd. = Betula carpatica Walldst. & Kit. ex Willd. = Betula pubescens var. carpatica (Willd.) Betula carpatica Walldst. & Kit. ex Willd. = Betula pubescens var. carpatica (Willd.) Ascherson & Graebner Carpathian birch"
"0","BEER","Betula","ermanii","Cham.","Japanese birch, dakekaba"
"0","BEGL","Betula","glandulosa","Michx.","bog birch, dwarf birch"
"0","BELE","Betula","lenta L.",NA,"sweet birch, black birch"
"0","BENI","Betula","nigra L.",NA,"river birch"
"1","BEPA","Betula","papyrifera","Marsh,","paper birch"
"1","BEPE","Betula","pendula","Roth = Betula verrucosa Ehrt.","silver birch, European white birch"
"0","BEPL","Betula","platyphylla","Suk.","jagjag-namu, Japanese birch"
"0","BEPO","Betula","populifolia","Marsh,","gray birch"
"1","BEPU","Betula","pubescens","Ehrh.","downy birch, mountain birch, white birch"
"","BESP","Betula L.",NA,NA,"birch"
"0","BEUT","Betula","utilis","D.Don","Himalayan birch"
"1","BEVE","Betula","verrucosa","Ehrl.","silver birch, European white birch"
"0","BLTA","Beilschmiedia","tawa","(A. Cunn.) Kirk","tawa"
"0","BOMA","Bombax","malabaricum","DC.","semul, ngiu, ngiew, gon run do"
"0","BTEX","Bertholletia","excelsa","H.B.K.","Brazil nut, yuvia, turury, para nut tree"
"1","BUSE","Buxus","sempervirens L.",NA,"common box, boxwood"
"0","BUSI","Bursera","simaruba","(L.) Sarg.","gumbo-limbo, West-Indian birch"
"0","CACO","Callitris","columellaris","F. Muell.","cypress pine"
"0","CACR","Castanea","crenata","Sieb. & Zucc.","Japanese chestnut"
"1","CADE","Calocedrus","decurrens","(Torr.) Florin","California incense cedar"
"0","CAIN","Callitris","intratropica","R.T. Baker & H.G. Smith","cypress pine"
"0","CAMA","Callitris","macleayana","(F. Muell.) F. Muell","brush cypress pine"
"1","CAPR","Callitris","preissii","Miq.","Rottnest Island pine"
"1","CARO","Callitris","robusta","R. Br. ex Bailey = Callitris","preissii Miq. Rottnest Island pine"
"1","CASA","Castanea","sativa","Mill,","sweet chestnut, European chestnut"
"","CASP","Callitris Ventenat",NA,NA,NA
"2","CDAT","Cedrus","atlantica","(Endl.) Manetti","Atlantic cedar, Atlas cedar"
"1","CDDE","Cedrus","deodara","(D. Don) G. Don","deodar cedar, Himalayan cedar"
"1","CDLI","Cedrus","libani","A. Richard","Cedar of Lebanon"
"","CDSP","Cedrus Trew",NA,NA,"cedar"
"0","CEFI","Cedrela","fissilis","Veil.","central American cedar, cigarbox cedar"
"1","CELI*","Cedrela","lilloi","C. DC.","cedro salteno"
"0","CEOC","Cephalanthus","occidentalis L.",NA,"buttonbush"
"","CESP","Cedrela spp.",NA,NA,NA
"0","CETO","Cedrela","toona","Roxb. ex. Rottier = Toona","australis (F. Muell.) Harms red cedar, Australian cedar, toon, yomhom"
"0","CHNO","Chamaecyparis","nootkatensis","(D. Don) Spach","Alaska yellow-cedar, Nootka cypress"
"1","CHOB","Chamaecyparis","obtusa","(Sieb. & Zucc.) Endl.","hinoki cypress, Formosan cypress"
"0","CHSP","Chorisia speciosa",NA,"St. Hil.","paneira"
"0","CHTH","Chamaecyparis","thyoides","(L.) B.S.P.","Atlantic white-cedar"
"0","CIFR","Citharexylum","fruticosum L.",NA,"Florida fiddlewood"
"0","CLEX","Chlorophora","excelsa","Benth. & Hook.f.","iroko, kambala, mvule"
"0","CLLA","Celtis","laevigata","Willd.","sugarberry"
"1","CLOC","Celtis","occidentalis L.",NA,"hackberry"
"","CLSP","Celtis L.",NA,NA,"hackberry"
"2","CMJA*","Cryptomeria","japonica","(L. f.) D. Don","Japanese cedar, sugi, cryptomeria"
"0","CNCR","Ceanothus","crassifolius","Torr.","hoaryleaf ceanothus"
"0","COAL","Cordia","alliodora","Oken","laurel corriente, lauro amarillo, ajo ajo"
"0","COAV","Corylus","avellana L.",NA,"common hazel"
"0","COCO","Copaifera","coleosperma","Benth.","Rhodesian copalwood, mehibi"
"0","COFL","Comus","florida L.",NA,"flowering dogwood"
"1","COM*","Picea","omorika","(Pane.) Purk.","Serbian spruce, Pancic spruce"
"","CONI","Various conifers",NA,NA,NA
"","COSP","Cornus L.",NA,NA,"dogwood"
"0","COTR","Cordla","trichotoma","Veil,","lauro pardo, peterebi"
"0","CPBE","Carpinus","betulus L.",NA,"hornbeam"
"0","CRAZ","Crataegus","azarolus L.",NA,"azarole"
"0","CRBE","Cercocarpus","betuloides","Nutt,","birchleaf mountain-mahogany"
"0","CRLE","Cercocarpus","ledifolius","Nutt,","curlleaf mountain-mahogany"
"1","CRMO","Cercocarpus","montanus","Raf.","alderleaf cercocarpus"
"","CRSP","Cercocarpus Kunth",NA,NA,"cercocarpus"
"0","CSLI","Casuarina","litoralis","Salisb.","black she-oak"
"0","CSVE","Casuarina","verticillata",NA,NA
"0","CTSP","Catalpa speciosa",NA,"Warder ex Engelm.","northern catalpa"
"1","CUAZ","Cupressus","arizonica","Greene","Arizona cypress"
"0","CUDU","Cupressus","dupreziana","Camus",NA
"1","CUGI","Cupressus","gigantea","Cheng & L.K. Fu",NA
"0","CUGL","Cupressus","glabra","Sudworth","smooth Arizona cypress Cupressus lindleyi Klotzsch. = Cupressus Cupressus lindleyi Klotzsch. = Cupressus lusitanica Mill. Cupressus lindleyi Klotzsch. = Cupressus lusitanica Mill. NA"
"0","CYCO","Carya","cordoformis","(Wangenh.) K. Koch","bitternut hickory"
"1","CYGL","Carya","glabra","(Mill.) Sweet","pignut hickory"
"1","CYIL","Carya","illinoensis","(Wagenh.) K. Koch","pecan"
"0","CYOV","Carya","ovata","(Mill.) K. Koch","shagbark hickory"
"0","CYRA","Cyrilla","racemiflora L.",NA,"swamp cyrilla, leatherwood"
"","CYSP","Carya Nutt",NA,NA,"hickory"
"0","CYTO","Carya","tomentosa","(Poir.) Nutt,","mockemut hickory"
"1","DABD","Dacrydium","bidwillii",NA,"New Zealand mountain pine"
"1","DABI*","Dacrydium","biforme","(Hook.) Pilger = Halocarpus","biformis Hook, pink pine"
"1","DACO*","Dacrydium","colensoi","Hook. = Lagarostrobos","colensoi (Hook.) C.J. silver pine"
"2","DACU","Dacrydium","cupressinum Lamb,",NA,"rimu, red pine"
"0","DADA","Dacrycarpus","dacrydioides","(A. Rich.) Laubenf.","kahikatea, white pine"
"1","DAFR","Dacrydium","franklinii","Hook f.","Huon pine"
"1","DBR*","Cedrus","brevifolia","Henry = Cedrus libani var.","brevifolia Cyprian cedar"
"0","DITO","Discaria","toumatou","Raoul","matagouri, tumatu-kuru, wild Irishman"
"1","DITR","Discaria","trinervis","Reiche.",NA
"0","DRLA","Dracophyllum","latifolium","Cunn.","neinei"
"0","DRWI","Drimys","winteri","J.R. & G. Forst","canelo, winter bark"
"0","DSVI","Diospyros","virginiana L.",NA,"common persimmon"
"1","DUVI","Duschenkia","viridis","Opiz = Betula ovata Schrank.",NA
"0","DYMA","Dysoxylum","malabaricum","Bedd.","Bombay white cedar, Indian white cedar"
"1","EAN*","Cedrela","angustifolia","Sesse & Mocino ex DC.","cedro salteno Cedrela balansae C. DC. = Cedrela angustifolia Cedrela balansae C. DC. = Cedrela angustifolia Sesse & Mocino Cedrela balansae C. DC. = Cedrela angustifolia Sesse & Mocino NA"
"0","ELGL","Elaeoluma","glabrascens",NA,NA
"1","EMRU","Empetrum","rubrum","Vahl ex. Willd.","murtilla"
"0","ENAN","Entandrophragma","angolense","C.DC.","gedu nohor, kalungi, tiama, edinam"
"0","ENCA","Entandrophragma","candollei","Harms","kosipo, omu, entandrophragma mahogany"
"0","ENCY","Entandrophragma","cylindricum","Sprague","sapeli.sapele, sapelli, assi Entandrophragma macrophyllum A. Chev. = Entandrophragma macrophyllum A. Chev. = Entandrophragma angolense C.DC. Entandrophragma macrophyllum A. Chev. = Entandrophragma angolense C.DC. NA"
"0","ENUT","Entandrophragma","utile","Sprague","sipo, utile"
"","EPSP","Ephedra L.",NA,NA,NA
"0","EUCA","Eucalyptus","camaldulensis","Dehnh.","river red gum"
"0","EUCO","Eucryphia","cordifolia","Cav.","ulmo, muermo"
"0","EUDE","Eucalyptus","delegatensis","R. Baker","alpine ash"
"0","EUJA","Eugenia","jambdana Lam.",NA,"jaman, kelat eugenia"
"0","EUMI","Eucalyptus","miniata","Cunn. ex Shauer","Darwin woolybutt"
"0","EUNE","Eucalyptus","nesophila","Blakely","Melville Island bloodwood"
"0","EUOR","Eucalyptus","oreades","R.T. Baker","Blue Mountains ash"
"0","EUPA","Eucalyptus","pauciflora","Sieb.","snow gum, cabbage gum"
"0","EUST","Eucalyptus","stellulata","Sieb. ex DC","black salee"
"0","EUTE","Eucalyptus","tetradonta","F. Muell.","Darwin stringybark"
"0","EUVI","Eucalyptus","viminalis Labili,",NA,"ribbongum"
"0","EXCU","Exocarpus","cuppressiforme Labili,",NA,"native cherry"
"1","FAGR*","Fagus","grandifolia","Ehrh.","American beech"
"1","FAOR","Fagus","orientalis Lipsky",NA,"Oriental beech, eastern beech"
"","FASP","Fagus L.",NA,NA,"beech"
"2","FASY","Fagus","sylvatica L.",NA,"European beech, common beech"
"","FCSP","Ficus L.",NA,NA,"fig"
"2","FICU*","Fitzroya","cupressoides","(Molina) Johnston","alerce, Patagonian cypress"
"1","FRAM","Fraxinus","americana L.",NA,"white ash"
"0","FRCA","Fraxinus","caroliniana","Mill.","Carolina ash"
"1","FREX","Fraxinus","excelsior L.",NA,"European ash, common ash"
"1","FRNI","Fraxinus","nigra","Marsh,","black ash"
"0","FRPE","Fraxinus","Pennsylvania","Marsh,","green ash, red ash"
"","FRSP","Fraxinus L.",NA,NA,"ash"
"0","GEAV","Gevuina","avellana",NA,"avellano"
"0","GIBI","Gingko","biloba L.",NA,"maidenhair tree, gingko"
"0","GLTR","Gleditsia","triacanthos L.",NA,"honey locust"
"0","GMAR","Gmelina","arborea","Roxb.","gumari, gumbar, yemane, gmelina, gamari"
"0","GOLA","Gordonia","lasianthus","(L.) Ellis","loblolly-bay"
"0","GRVI","Grevillea","victoriae","F. Muell.",NA
"0","GUCE","Guarea","cedrata","Pellegr.","bosse, guarea, white guarea, scented guarea"
"0","HABD","Halocarpus","bidwillii",NA,"bog pine"
"1","HABI*","Halocarpus","biformis","(Hook.) Quinn","pink pine"
"0","HAKI","Halocarpus","kirkii",NA,"manoao"
"0","HAVI","Hamamelis","virginiana L.",NA,"witch hazel"
"0","HEAN","Hedycaria","angustifolia","A. Cunn.","native mulberry"
"0","HEAR","Heteromeles","arbutifolia","(Lindi.) M.J. Roem.","toyon"
"0","HORI","Thuja","orientalis L.",NA,"Chinese arborvitae, Oriental arborvitae"
"1","HPL*","Thuja","plicata","Donn ex D. Don","western redcedar, giant arborvitae"
"0","ILAQ","Ilex","aquifolium L.",NA,"English holly"
"0","ILCA","Ilex","cassine L.",NA,"dahoon, dahoon holly"
"0","ILCO","Ilex","coriacea","(Pursh) Chapm.","large gallberry, sweet gallberry"
"0","ILGL","Ilex","glabra","(L.) Gray","inkberry, gallberry"
"0","ILIN","Ilex","inundata",NA,NA
"0","ILOP","Ilex","opaca","Mt.","American holly"
"0","JACO","Jacaranda","copaia","D.Don","copaia, gobaja, futui, caroba"
"1","JGAU*","Juglans","australis","Griseb.","Argentine walnut"
"0","JGCI","Juglans","cinerea L.",NA,"butternut"
"0","JGNI","Juglans","nigra L.",NA,"black walnut"
"0","JGRE","Juglans","regia L.",NA,"common walnut"
"0","JUCH","Juniperus","chinensis L.",NA,"Chinese juniper"
"1","JUCO","Juniperus","communis L.",NA,"common juniper"
"0","JUDE","Juniperus","deppeana","Steud.","alligator juniper"
"1","JUDR","Juniperus","drupacea Labili.",NA,"Syrian juniper"
"1","JUEX","Juniperus","excelsa","Bieb.","Greek juniper, Grecian juniper"
"1","JUFO","Juniperus","foetidissima","Willd.","stinking juniper Juniperus indica = Juniperus semiglobosa Regel"
"0","JUMA","Juniperus","macropoda","Boiss.                ","Himalayan pencil pine"
"0","JUMO","Juniperus","monosperma","(Emgelm.) Sarg.","one-seed juniper"
"2","JUOC*","Juniperus","occidentalis","Hook,","western juniper"
"1","JUOS","Juniperus","osteosperma","(Torr.) Little","Utah juniper"
"1","JUOX","Juniperus","oxycedrus L.",NA,"prickly juniper Juniperus palycarpos = Juniperus Juniperus palycarpos = Juniperus seravschanica Komar. Juniperus palycarpos = Juniperus seravschanica Komar. NA"
"1","JUPH","Juniperus","phoenicea L.",NA,"Phoenicean juniper"
"0","JUPI","Juniperus","pinchotii","Sudw.","redberry juniper, Pinchot juniper"
"1","JUPR","Juniperus","przewalskii","Kom.","Qilianshan juniper"
"1","JURE","Juniperus","recurva","Buch.-Ham. ex D. Don","drooping juniper"
"2","JUSC*","Juniperus","scopulorum","Sarg.","Rocky Mountain juniper"
"1","JUSE","Juniperus","seravschanica","Komar.",NA
"1","JUSM","Juniperus","semiglobosa","Regel",NA
"","JUSP","Juniperus L.",NA,NA,"juniper"
"0","JUTH","Juniperus","thurifera L.",NA,"Spanish juniper"
"1","JUTU","Juniperus","turkestanica","Komar.","Turkestan juniper"
"2","JUVI*","Juniperus","virginiana L.",NA,"eastern redcedar"
"0","KHGR","Khaya","grandifolia","C.DC.","acajou, Benin mahogany, African mahogany"
"0","KRDR","Krenevaja","drevesina",NA,NA
"0","KUER","Kunzea","ericoides","(A. Rich.) J. Thompson","kanuka, white tea tree"
"2","LADE*","Larix","decidua","Mill.","European larch"
"1","LAGM*","Larixgmelinii","(Rupr.) Litvin.",NA,"Dahurian larch"
"1","LAGR","Larix","griffithiana","(Lindl. & Gord.) Carr.","Himalayan larch"
"1","LAJA","Larix","japonica","Carr.","Japanese larch Larix kaempferi (Lamb.) Carr. = Larixjaponica Carr. Larix kaempferi (Lamb.) Carr. = Larixjaponica Carr. Larix kurilensis Mayr Larix kaempferi (Lamb.) Carr. = Larixjaponica Carr. Larix kurilensis Mayr = Larix gmelinii var. japonica (Regel) Pilg."
"2","LALA*","Larix","laricina","(Du Roi) K. Koch","tamarack, eastern larch"
"2","LALY*","Larix","lyalli","Pari,","subalpine larch"
"2","LAOC*","Larix","occidentalis","Nutt,","western larch"
"0","LAPH","Laurelia","philippiana Looser",NA,"tepa"
"1","LAPO","Larix","potaninii","Batal.","Chinese larch Larix russlca (Endl.) Sabine ex Trautv. = Larix russlca (Endl.) Sabine ex Trautv. = Larix sibirica Ledeb. Larix russlca (Endl.) Sabine ex Trautv. = Larix sibirica Ledeb. NA"
"0","LASE","Laurelia","sempervirens","Tul.","laurelia, Chilean laurel, huahuan"
"2","LASI*","Larix","sibirica Ledeb.",NA,"Siberian larch Larix sukachevii Djil. = Larix sibirica Ledeb. Larix sukachevii Djil. = Larix sibirica Ledeb. Ural larch Larix sukachevii Djil. = Larix sibirica Ledeb. Ural larch NA"
"","LASP","Larix Mill.",NA,NA,"larch Larix cajanderi Mayr = Larix gmelinii Larix cajanderi Mayr = Larix gmelinii Larix dahurica Turcz. ex Trautv. = Larix Larix cajanderi Mayr = Larix gmelinii Larix dahurica Turcz. ex Trautv. = Larix gmelinii (Rupr.) Litvin."
"0","LBAN","Laburnum","anagyroides","Medik,","common laburnum"
"0","LBGL","Labatia","glomerata",NA,NA
"0","LEFL","Leptospermum","flavescens",NA,"tea tree"
"0","LEIN","Lepidothamnus","intermedius","(Kirk) Quinn","yellow-silver pine Leptospermum ericoides = Kunzea ericoides"
"0","LESC","Leptospermum","scoparium","Forster & Forster f.","manuka, red tea tree, black manuka, red manuka"
"1","LGCO*","Lagarostrobus","colensoi","(Hook.) C.J. Quinn =","Dacrydium colensoi Hook."
"1","LGFR","Lagarostrobus","frankiinii","C.J. Quinn","huon pine"
"2","LIBI*","Libocedrus","bidwillii","Hook. f.","New Zealand cedar, pahautea, kaikawaka Libocedrus decurrensTorr. = Calocedrus decurrens Libocedrus decurrensTorr. = Calocedrus decurrens (Torr.) Florin Libocedrus decurrensTorr. = Calocedrus decurrens (Torr.) Florin NA"
"0","LIPL","Libocedrus","plumosa","(D.Don) Sarg.","kawaka, plume incense cedar"
"","LISP","Libocedrus Endl.",NA,NA,"incense-cedar"
"1","LIST","LiquidambarstyracifluaL.",NA,NA,"sweetgum"
"1","LITU","Liriodendron","tuliplfera L.",NA,"tuliptree, yellow-poplar, tulip-poplar"
"0","LOFR","Lomatia","fraseri","R.Br.","silky lomatia, tree lomatia"
"0","LOHI","Lomatia","hitsuta","(Lam.) Diel ex. Macbr.","radal"
"0","LOTR","Lovoa","trichilioides","Harms","dibetou"
"0","LSFL","Lagerstroemia","flos-reginae","Retz.","pyinma, banaba, banglang, jarul"
"0","LSLA","Lagerstroemia","lanceolata","Wall,","benteak, nana"
"0","LSPA","Lagerstroemia","parviflora","Roxb.","lendia"
"0","MAAC","Magnolia","accuminata L.",NA,"cucumbertree"
"0","MAGR","Magnolia","grandiflora L.",NA,"southern magnolia"
"0","MASY","Malus","sylvestris L.",NA,"apple tree"
"0","MAVI","Magnolia","virginiana L.",NA,"sweetbay, swampbay ,"
"0","MICH","Michelia","champaca L.",NA,"champak"
"0","MINI","Michelia","niligirica","Zenker","pilachampa, champak"
"","MIXI","Various taxa",NA,NA,NA
"0","MOAL","Morus","alba L.",NA,"white mulberry"
"0","MORU","Morus","rubra L.",NA,"red mulberry"
"0","MYCE","Myrica","cerifera L.",NA,"southern bayberry, bayberry"
"0","MYGA","Myrica","gale L.",NA,"sweet gale, bog myrtle"
"0","NEAM","Nectandra","amazonum",NA,NA
"0","NOAL","Nothofagus","alpina","(Poepp. & Endl.) OErst.","rauli"
"1","NOAN","Nothofagus","antarctica","(Forst) Oerst.","Antarctic beech, nirre"
"1","NOBE*","Nothofagus","betuloides","(Mirb.) Blume","coihue de Magallanes, guindo"
"0","NOCU","Nothofagus","cunninghamii","Oerst.","Australian nothofagus, myrtle beech"
"0","NODO","Nothofagus","dombeyi","(Mirb.) Blume","coihue, Dombey’s southern beech"
"0","NOFU","Nothofagus","fusca","(Hook, f.) Oerst.","red beech, New Zealand red beech"
"1","NOGU*","Nothofagus","gunnii","(Hook, f.) Oerst.","tanglefoot beech"
"2","NOME*","Nothofagus","menziesii","(Hook, f.) Oerst.","silver beech, Menzies’s red beech"
"0","NONI","Nothofagus","nitida","Reiche","roble chicote"
"1","NOOB","Nothofagus","obliqua","(Mirb.) Blume","southern beech, roble"
"1","NOPU*","Nothofagus","pumilio","(Poepp. & Endl.) Oerst.","lenga"
"2","NOSO*","Nothofagus","solandri","(Hook, f.) Oerst.","mountain beech, black beech"
"0","NTLO","Notelaea","longifolia","Vent,","large mock-olive"
"0","NYOG","Nyssa","ogeche","Bartr. ex Marsh.","Ogeechee tupelo"
"0","NYSY","Nyssa","sylvatica","Marsh,","black tupelo, blackgum"
"0","OSCA","Ostrya","carpinifolia","Scop,","hop hornbeam"
"0","OULU","Cupressus","lusitanica","Mill.","Mexican cypress"
"2","OUSE","Cupressus","sempervirens L.",NA,"Italian cypress, Mediterranean cypress"
"0","OXAR","Oxydendrum","arboreum","(L.) DC","sourwood"
"0","PAAU","Parkia","auriculata",NA,NA
"0","PARI","Parapiptadenia","rigida","Benth.",NA
"0","PATO","Paulownia","tomentosa","(Thumb.) Steud.","empress tree"
"0","PBPO","Phoebe","porfiria","Mez.",NA
"2","PCAB*","Picea","abies","(L.) Karst.","Norway spruce Picea ajanensis Fisch. = Picea jezoensis Picea ajanensis Fisch. = Picea jezoensis (Sieb. & Zucc.) Carr. Picea ajanensis Fisch. = Picea jezoensis (Sieb. & Zucc.) Carr. NA"
"0","PCAS","Picea","asperata","Mast,","dragon spruce"
"1","PCBA","Picea","balfouriana",NA,NA
"1","PCCA","Picea","cajanensis Lindl. et Gord.",NA,NA
"1","PCCH","Picea","chihuahuana","Martinez","chihuahua spruce"
"2","PCEN*","Picea","engelmannii","Parry ex Engelm.","Engelmann spruce Picea excelsa (Lam.) Link Picea excelsa (Lam.) Link = Picea abies (L.) Karst Picea excelsa (Lam.) Link = Picea abies (L.) Karst NA"
"2","PCGL*","Picea","glauca","(Moench) Voss","white spruce"
"1","PCGN","Picea","glehnii","(Fr. Schmidt) Mast.","Sakhalin spruce"
"0","PCJE","Picea","jezoensis","(Sieb. & Zucc.) Carr.","Yezo spruce, Hondo spruce"
"1","PCLI","Picea","likiangensis","(Franchet) Pritzel","Likiang spruce"
"2","PCMA*","Picea","mariana","(Mill.) Britt., Stems & Poggenb.","black spruce"
"2","PCOB","Picea","obovata Ledeb.",NA,"Siberian spruce"
"1","PCPR","Picea","purpurea","Mast.",NA
"2","PCPU*","Picea","pungens","Engelm.","blue spruce, Colorado spruce"
"2","PCRU*","Picea","rubens","Sarg.","red spruce"
"1","PCSH","Picea","shrenkiana","Fisch. & Meyer","Shrenk’s spruce"
"2","PCSI*","Picea","sitchensis","(Bong.) Carr.","Sitka spruce"
"1","PCSM","Picea","smithiana","(Wall.) Boiss.","Himalayan spruce"
"","PCSP","Picea A.",NA,"Dietr.","spruce"
"1","PCTI","Picea","tienschanica","Rupr.","Tien-shan spruce"
"0","PEBO","Persea","borbonla","(L.) Spreng,","redbay, shorebay"
"0","PELI","Persea","Ungue","Nees","lingue"
"0","PELN","Petrophile","linearis","R.Br.","pixie mops"
"0","PEOA","Peronema","canescens","Jack,","sunkai, koeroes"
"1","PHAL*","Phyllocladus","alpinus","Hook. f.","mountain toatoa, alpine celery top pine"
"1","PHAS*","Phyllocladus","aspleniifolius","(Labili.) Hook. f.","celery top pine"
"1","PHGL*","Phyllocladus","glaucus","Carr,","toatoa"
"1","PHTR*","Phyllocladus","trichomanoides","D. Don in Lamb,","tanekaha, celery pine"
"2","PIAL*","Pinus","albicaulis","Engelm.","whitebark pine"
"1","PIAM","Pinus","armandii","Franchet","David’s pine, Armand’s pine"
"2","PIAR*","Pinus","aristata","Engelm. in Parry & Engelm.","Rocky Mountain bristlecone pine Pinus aristata var. longaeva = Pinus longaeva Pinus aristata var. longaeva = Pinus longaeva D.K. Bailey Pinus aristata var. longaeva = Pinus longaeva D.K. Bailey NA"
"2","PIBA*","Pinus","balfouriana","Grev. & Bait, in A. Murr.","foxtail pine"
"2","PIBN","Pinus","banksiana Lamb.",NA,"jack pine"
"1","PIBR*","Pinus","bnjtia","T en","Calabrian pine, brutia pine, see kiefer"
"0","PIBU","Pinus","bungeana","Zucc.","lacebark pine"
"0","PICA","Pinus","caribea","Mor.","Caribbean pine, Cuban pine"
"2","PICE*","Pinus","cembra L.",NA,"Swiss stone pine, Arolia pine"
"1","PICH","Pinus","chihuahuana","Engelm.","chihuahua pine"
"0","PICL","Pinus","coulteri","D.Don","Coulter pine, bigcone pine"
"2","PICM*","Pinus","cembroides","Zucc.","Mexican pinyon, Mexican nut pine"
"0","PICN","Pinus","canadensis","Chr. Sm. ex DC","Canary Island pine"
"2","PICO*","Pinus","contorta","Dougl. ex Loud,","lodgepole pine"
"1","PIDE","Pinus","densiflora","Sieb. & Zucc.","Japanese red pine"
"1","PIDN","Pinus","densata1",NA,NA
"2","PIEC*","Pinus","echinata","Mill,","shortleaf pine"
"2","PIED*","Pinus","edulis","Engelm. in Wisliz.","pinyon, Colorado pinyon"
"1","PIEL","Pinus","elliottii","Engelm.","slash pine"
"1","PIEN","Pinus","engeimannii","Carr.","Apache pine"
"2","PIFL*","Pinus","flexilis","James","limber pine"
"1","PIGE","Pinus","gerardiana","Wall, ex D. Don.","chilgoza pine, Gerard’s pine"
"2","PIHA*","Pinus","halepensis","Mill.","Aleppo pine, Jerusalem pine Pinus hallii = Podocarpus hallii Kirk"
"1","PIHE","Pinus","heldreichii","Christ","Heldreich’s pine, panzer fohre"
"2","PIJE*","Pinus","jeftreyi","Grev. & Balf. in A. Murr.","Jeffrey pine"
"1","PIKE","Plnus","kesiya","Royle ex Gordon","Khasi pine"
"1","PIKO","Pinus","koraiensis","Sieb. & Zucc.","Korean pine Pinus laricio Poir. = Pinus nigra Arnold"
"2","PILA*","Pinus","lambertiana","Dougl.","sugar pine Pinus leiophylla var. chihuahuana Pinus leiophylla var. chihuahuana (Engelm.) Shaw = Pinus chihuahuana Pinus leiophylla var. chihuahuana (Engelm.) Shaw = Pinus chihuahuana chihuahua pine"
"2","PILE*","Pinus","leucodermis","Ant.","Bosnian pine, greybark pine, pino loricato"
"2","PILO*","Pinus","longaeva","D.K. Bailey","Intermountain bristlecone pine Pinus longlfolia Roxb. = Pinus roxburghii Sarg."
"1","PIMC","Pinus","monticola","Dougl. ex D. Don in Lamb,","western white pine"
"1","PIME","Pinus","mesogeensis","Fieschi & Gaussen","cluster pine"
"1","PIMG","Pinus","mugo","Turra","mountain pine, stone pine"
"1","PIMK","Pinus","merkusii","Jungh. & De Vriese","Merkus pine, mindoro pine, Tenasserim pine"
"2","PIMO*","Pinus","monophylla","Torr. & Frem. in Frem.","singleleaf pinyon Pinus montana Mill. = Pinus mugo Turra"
"0","PIMR","Pinus","muricata","D.Don","bishop pine"
"1","PIMU*","Pinus","mughus","Scop. = Pinus mugo Turra","krummholz pine"
"2","PINT","Pinus","nigra","Arnold","Austrian pine, black pine"
"0","PIOC","Pinus","occidentalis","Swartz","West Indian pine"
"0","PIOO","Pinus","oocarpa","Schiede","Nicaraguan pitch pine, ocote pine Pinus pallasiana Lamb. = Pinus nigra Arnold"
"1","PIPA","Pinus","palustris","Mill,","longleaf pine"
"1","PIPE*","Pinus","peuce","Griseb.","Macedonian pine, Balkan pine"
"1","PIPI","Pinus","pinaster","Ait.","maritime pine, cluster pine"
"1","PIPM","Pinus","pumila","(Pall.) Regel","dwarf Siberian pine, Japanese stone pine"
"2","PIPN*","Pinus","pinea L.",NA,"Italian stone pine, umbrella pine"
"2","PIPO*","Pinus","ponderosa","Dougl. ex Laws,","ponderosa pine, western yellow pine"
"0","PIPT","Pinus","patula","Schiede & Deppe","Mexican weeping pine"
"1","PIPU*","Pinus","pungens Lamb.",NA,"Table Mountain pine"
"1","PIQU","Pinus","quadrifolia","Pari, ex Sudw.","Parry pinyon"
"1","PIRA","Pinus","radiata","D. Don","Monterrey pine"
"2","PIRE*","Pinus","resinosa","Ait.","red pine"
"1","PIRI*","Pinus","rigida","Mill,","pitch pine"
"1","PIRO","Pinus","roxburghii","Sarg.","chir pine"
"2","PISF","Pinus","strobiformis","Engelm. in Wisliz.","southwestern white pine"
"1","PISI","Pinus","sibirica","Du Tour","Siberian stone pine"
"","PISP","Pinus L.",NA,NA,"pine"
"2","PIST*","Pinus","strobus L.",NA,"eastern white pine, Weymouth pine"
"2","PISY*","Pinus","sylvestris L.",NA,"Scots pine, Scotch pine"
"2","PITA","Pinus","taeda L.",NA,"loblolly pine"
"1","PITB","Pinus","tabulaeformis","Carr.","Chinese pine"
"0","PITH","Pinus","thunbergii","Pari.","Japanese black pine"
"2","PIUN","Pinus","uncinata","Mill, ex Mirb. in Buffon","mountain pine"
"1","PIVI","Pinus","virginiana","Mill.","Virginia pine, scrub pine"
"1","PIWA","Pinus","wallichiana","A.B. Jackson","Himalayan pine, kail pine, blue pine"
"0","PLAC","Platanus","acerifolia","(Ait.) Willd.","London plane tree"
"1","PLOC","Platanus","occidentalis L.",NA,"American sycamore"
"1","PLOR","Platyeladus","orientalis",NA,"Chinese pine"
"2","PLUV*","Pilgerodendron","uviferum","(Pilger) Florin","cipres de las Guaytecas"
"0","PMAN","Prumnopitys","andina","= Podocarpus andinus","lleuque"
"0","PMFE","Prumnopitys","ferruginea","(D. Don) Laubenf.","miro"
"0","PMTA","Prumnopitys","taxifolia","(D. Don) Laubenf.","matai, black pine"
"0","PNAM","Prunus","americana","Marsh.","American plum"
"0","PNAV","Prunus","avium L.",NA,"wild cherry"
"0","PNIL","Prunus","ilicifolia","(Nutt, ex Hook & Am.) D. Dietr.","hollyleaf cherry"
"0","PNPE","Prunus","pennsylvanica L.f.",NA,"pin cherry"
"1","PNSE","Prunus","serotina","Ehrh.","black cherry"
"0","POFA","Podocarpus","falcatus","(Thumb.) Br.","yellowwood, oteniqua Podocarpus ferrugineus = Prumnopitys Podocarpus ferrugineus = Prumnopitys ferruginea (D. Don) Laubenf. Podocarpus ferrugineus = Prumnopitys ferruginea (D. Don) Laubenf. NA"
"0","POHA","Podocarpus","hallii","Kirk","Hall’s totara"
"0","POLA","Podocarpus","lawrencei","Hook. f.","Tasmanian podocarpus"
"0","PONI","Podocarpus","nivalis","Hook,","snow totara"
"1","PONU","Podocarpus","nubigensus Lindl. ex Paxt",NA,"manio de hojas punzantes, manio macho"
"1","POOR*","Picea","orientalis","(L.) Link","eastern spruce, Oriental spruce"
"0","POPA","Podocarpus","parlatorei",NA,"Podocarpus spicatus = Prumnopitys taxifolia (D. Don) Laubenf."
"","POSP","Podocarpus L'Heritier",NA,"ex Persoon","Podocarpus dacrydioides = Dacrycarpus dacrydioides"
"0","POTO","Podocarpus","totara","D. Don","totara"
"1","PPAL","Populus","alba L.",NA,"white poplar"
"0","PPAN","Populus","angustifolia","James","narrowleaf cottonwood"
"1","PPBA","Populus","balsamifera L.",NA,"balsam poplar"
"0","PPDE","Populus","deltoides","Bartr. ex Marsh,","eastern cottonwood"
"1","PPEU","Populus","euphratica","Oliv.","charab poplar, Indian poplar"
"1","PPFR","Populus","fremontiiViats.",NA,"Fremont cottonwood"
"1","PPGR","Populus","grandidentata","Michx.","bigtooth aspen"
"1","PPNI","Populus","nigra L.",NA,"black poplar"
"","PPSP","Populus L.",NA,NA,"cottonwood, poplar"
"0","PPTC","Populus","trichocarpa","Torr. & Gray,","black cottonwood"
"1","PPTR","Populus","tremuloides","Michx.","quaking aspen"
"1","PRFL","Prosopis","flexuosa","DC.",NA
"0","PRGL","Prosopis","glandulosaTorr.",NA,"honey mesquite"
"","PROS","ProsopisL.",NA,NA,"mesquite"
"0","PSAX","Pseudowintera","axillaris","(Forster &","Forster f.) Dandy horopito"
"0","PSCO","Pseudowintera","colorata","(Raoul) Dandy","mountain horopito, pepper tree"
"0","PSGR","Pisonia","grandis",NA,NA
"0","PSMU","Pseudobombax","munguba","Mart. & Zucc.","muguba, huira"
"0","PSXA","Pseudoxandra","polyphleba",NA,NA
"0","PTAN","Pterocarpus","angolensis","DC.","muninga, mninga, brown African padauk"
"0","PTAT","Pistacia","atlantica","Desf.","Atlas pistache, betoum"
"0","PTKH","Pistacia","khinjuk","Stocks,","kakkar"
"0","PTPA","Pistacia","palaestina","Boiss.","Israelian pistache"
"","PTSP","Pistacia L.",NA,NA,"pistache"
"0","PTVE","Pistacia","vera L.",NA,"green mastic, real mastictree"
"","PUSP","Purshia DC.",NA,"ex Poir.",NA
"1","PUTR","Purshia","tridentata","(Pursh) DC.","bitter brush"
"0","PYSA","Polyscias","sambucifolius","(Sieber ex DC.) Harms","elderberry panax, elderberry ash"
"0","QUAC","Quintinia","acutifolia","Kirk.","Westland quintinia"
"0","QUAF","Quercus","afares","Pomel",NA
"2","QUAL*","Quercus","alba L.",NA,"white oak"
"0","QUBO","Quercus","boissieri","Reut.","Israelian oak"
"1","QUCA","Quercus","canariensis","Willd.","Mirbecks oak, Algerian oak"
"1","QUCE","Quercus","cerris L.",NA,"Turkey oak, Austrian oak"
"0","QUCL","Quercus","calliprinosWekb",NA,"Kermes oak, Israelian oak"
"1","QUCO","Quercus","coccinea","Muenchh.","scarlet oak"
"0","QUCP","Quercus","copeyensis",NA,NA
"0","QUCR","Quercus","costaricensis",NA,NA
"1","QUDG","Quercus","douglasii","Hook, and Am.","blue oak"
"1","QUDS","Quercus","dschoruchensis","K. Koch",NA
"1","QUEL","Quercus","ellipsoidalis","E.J. Hill","northern pin oak"
"0","QUEM","Quercus","emoryi","Torr, in Emory","Emory oak"
"0","QUEN","Quercus","engelmannii","Greene","Engelmann oak"
"1","QUFA","Quercus","falcata","Michx.","southern red oak"
"1","QUFG","Quercus","faginea Lam.",NA,"Portuguese oak"
"0","QUFR","Quercus","frainetto","Ten.","Hungarian oak"
"2","QUGA","Quercus","gambelii","Nutt.","Gambel oak"
"1","QUGR","Quercus","grisea Liebm.",NA,"gray oak"
"1","QUHA","Quercus","hartwissiana",NA,NA
"0","QUIL","Quercus","ilex L.",NA,"holm oak, holly oak"
"0","QUIT","Quercus","ithaburensis","(Decne.) Boiss.","Mt. Tabor oak"
"0","QUKE","Quercus","kelloggii","Newb.","California black oak"
"1","QULA","Quercus","iaurifoiia","Michx.","laurel oak"
"1","QULO","Quercus","lobata","Nee","valley oak"
"1","QULY*","Quercus","lyrata","Walt,","overcup oak"
"1","QUMA*","Quercus","macrocarpa","Michx.","bur oak"
"0","QUMI","Quercus","michauxii","Walt,","swamp chestnut oak"
"0","QUML","Quercus","marilandlca","Muenchh.","blackjack oak"
"0","QUMO","Quercus","mongolica","Fisch, ex Turcz.","Mongolian oak"
"0","QUMU","Quercus","muehlenbergii","Engelm.","chinkapin oak"
"1","QUNl","Quercus","nigra L.",NA,"water oak Quercus pagodaefolia (Ell.) Ashe = Quercus pagodaefolia (Ell.) Ashe = Quercus falcata var. pagodifolia Ell. Quercus pagodaefolia (Ell.) Ashe = Quercus falcata var. pagodifolia Ell. NA"
"0","QUPA","Quercus","palustris","Muenchh.","pin oak Quercus pedunculata Ehrl. = Quercus robur L."
"2","QUPE*","Quercus","petraea","(Mattuschka) Liebl.","durmast oak, sessile oak"
"1","QUPO","Quercus","pontica","K. Koch","Armenian oak"
"1","QUPR*","Quercus","prinus L.",NA,"chestnut oak"
"1","QUPS","Quercus","persica",NA,NA
"2","QUPU","Quercus","pubescens","Willd.","downy oak, pubescent oak"
"2","QURO*","Quercus","robur L.",NA,"English oak"
"1","QURU*","Quercus","rubra L.",NA,"red oak Quercus sessiliflora Salisb. = Quercus petraea Quercus sessiliflora Salisb. = Quercus petraea (Mattuschka) Liebl. Quercus sessiliflora Salisb. = Quercus petraea (Mattuschka) Liebl. NA"
"1","QUSH","Quercus","shumardii","Buckl.","Shumard oak"
"","QUSP","Quercus L.",NA,NA,"oak"
"2","QUST*","Quercus","stellata","Wangenh.","post oak"
"0","QUSU","Quercus","suber L.",NA,"cork oak, cork tree"
"1","QUVE*","Quercus","velutina Lam.",NA,"black oak"
"0","RAGU","Rapanea","guianensis","Aubl.","guiana rapanea"
"0","RHCA","Rhamnus","caroliniana","Walt.","Carolina buckthorn"
"0","RHCR","Rhamnus","crocea","Nutt,","hollyleaf buckthorn"
"0","RHOV","Rhus","ovata","Wats.","sugar sumac"
"1","RONE","Robinia","neomexicana","Gray","New Mexico locust"
"0","ROPS","Robinia","pseudoacacia L.",NA,"black locust"
"0","SAAC","Salix","acutifolia","Wil d.","pointed-leaved willow"
"0","SAAD","Salix","amygdaloides","Anderss.","peachleaf willow"
"1","SAAL","Salix","alba L.",NA,"white willow"
"0","SAAM","Salix","amygdalina L.",NA,"almond-leaved willow, peachleaf willow"
"0","SAAR","Salix","arbusculoides","Anderss.","littletree willow"
"0","SAAT","Salix","arctica","Pall.","Arctic willow"
"0","SABA","Salix","babylonica L.",NA,"weeping willow"
"0","SACA","Salix","caprea L.",NA,"pussy willow, goat willow"
"0","SACN","Salix","candida","Fluegge","sage-leaf willow, silver willow"
"1","SACO","Saxegothaea","conspicua Lindl.",NA,"Prince Albert's yew, manio de hojas cortas, manio hembra"
"0","SACR","Salix","caroliniana","Michx.","Coastal Plain willow"
"0","SADI","Salix","discolor","Muhl.","pussy willow, glaucous willow"
"0","SAEL","Salix","elaeagnos","Scop,","hoary willow"
"0","SAEX","Salix","exigua","Nutt,","sandbar willow"
"0","SAGL","Salix","glauca L.",NA,"grayleaf willow Salix interior Rowiee = Salix exigua Nutt."
"0","SALA","Salix","lanata L.",NA,"Richardson’s willow"
"0","SALS","Salix","lasiolepis","Benth.","arroyo willow, white willow"
"0","SAMY","Salix","myrsinifolia","Salisb.",NA
"0","SAPH","Salix","phylicifolia L.",NA,"tea-leaf willow"
"0","SAPL","Salix","planifolia","Pursh","sandbar willow, lakeshore willow, diamondleaf willow"
"0","SAPU","Salix","purpurea L.",NA,"purple willow, purple osier Salix triandra L. = Salix amygdalina L."
"","SASP","Salix L.",NA,NA,"willow"
"0","SAVI","Salix","viminalis L.",NA,"basket willow, common osier"
"0","SBPl","Sabina","pingu",NA,"Sabina przewalskii Kom. = Juniperus przewalskii Komarov"
"0","SBRE","Sabina","recurva",NA,NA
"1","SBSA","Sabina","saltuaria",NA,NA
"1","SBTI","Sabina","tibetica",NA,NA
"1","SBWA","Sabina","wallichiana",NA,NA
"0","SCMI","Schleronema","micranthum","Ducke.","cordeiro, scleronema"
"0","SCTR","Schlelchera","trijuga","Willd.","ta-kro, kusum, kusamo"
"2","SEGI","Sequoiadendron","giganteum","(Lindl.) Buchholz","giant sequoia"
"1","SESE","Sequoia","sempervirens","(D. Don) Endl.","coast redwood"
"0","SHRO","Shorea","robusta","Gaertn.f.","sal"
"1","SMA*","Pseudotsuga","macrocarpa","(Vasey) Mayr","bigcone Douglas-fir"
"2","SME*","Pseudotsuga","menziesii","(Mirb.) Franco","Douglas-fir"
"0","SNAL","Santalum","album L.",NA,"sandalwood, santalin, chandal"
"0","SOAM","Sorbus","americana","Marsh,","mountain ash"
"0","SOAR","Sorbus","aria","(L.) Crantz","whitebeam"
"0","SOAU","Sorbus","aucuparia L.",NA,"mountain ash, rowan"
"0","SODU","Sorocea","duckei",NA,NA
"1","SOTE","Sorbus","torminalis","(L.) Crantz","chequer tree, wild service tree"
"0","SSAL","Sassafras","albinum","(Nutt.) Nees","sassafras"
"0","SWLA","Swartzia","laevicarpa","Amsh.","saboarana"
"0","SWMA","Swietenia","mahagoni","Jacq.","West Indies mahogany"
"0","TAAS","Taxodium","ascendens","Brong.","pond cypress"
"0","TABA","Tabebuia","barbata","(E. Mey) Sandw.","Igapo-tree"
"1","TABA","Taxus","baccata L.",NA,"common yew, English yew"
"1","TACU","Taxus","cuspidata","Sieb. & Zucc.","Japanese yew"
"2","TADI*","Taxodium","distichum","(L.) Rich,","baldcypress"
"1","TEAR","Tetraclinis","articulata","(Vahl) Mast.","Arar tree, African thuya"
"1","TEGR","Tectona","grandis L. f.",NA,"teak"
"0","TETO","Terminalia","tomentosa","W. & A.","Indian laurel, taukkyan, sain"
"2","THOC*","Thuja","occidentalis L.",NA,"northern white-cedar, American arborvitae"
"","THSP","Thuja L.",NA,NA,"thuja"
"1","TIAM","Tilia","americana L.",NA,"American basswood"
"1","TICO","Tilia","cordata","Mill.","littleleaf linden, winter linden, small-leaved lime"
"1","TIPL","Tilia","platyphyllos","Scop,","broad-leaved linden, summer linden"
"","TISP","Tilia L.",NA,NA,"linden, lime tree"
"0","TMAP","Tamarix","aphylla Lanza",NA,"dur"
"0","TMCH","Tamarix","chinensis Lour,",NA,"tamarisk, salt cedar"
"0","TMJO","Tamarix","jordanis",NA,NA
"0","TMXE","Tasmannia","xerophila",NA,NA
"0","TPGU","Taplrira","guianensis","Aubl.","tapirira, cedroi, jobo"
"0","TRCO","Tristania","conferta","R.Br.","Queensland box tree"
"0","TRSC","Triplochiton","schleroxylon","K. Schum.","abachi, obeche, wawa, arere"
"2","TSCA*","Tsuga","canadensis","(L.) Carr,","eastern hemlock"
"1","TSCR*","Tsuga","caroliniana","Engelm.","Carolina hemlock"
"0","TSDI","Tsuga","diversifolia","(Maxim.) Mast.","Japanese hemlock"
"1","TSDU","Tsuga","dumosa","(D.Don) Eichl.","East Himalayan hemlock"
"2","TSHE*","Tsuga","heterophylla","(Raf.) Sarg.","western hemlock"
"2","TSME*","Tsuga","mertensiana","(Bong.) Carr,","mountain hemlock"
"0","TSSI","Tsuga","sieboldii","Carr.","southern japanese hemlock"
"","TSSP","Tsuga Carr",NA,NA,"hemlock"
"1","ULGL","Ulmus","glabra","Hudson","Wych elm, Scots elm, mountain elm"
"1","ULLA","Ulmus","laevis","Pall.","European white elm"
"1","ULMI","Ulmus","minor","Mill.","smooth-leaved elm, field elm, common elm"
"0","ULPU","Ulmus","pumila L.",NA,"Siberian elm"
"1","ULRU","Ulmus","rubra","Muhl.","slippery elm"
"","ULSP","Ulmus L.",NA,NA,"elm Ulmus caprinifolia G. Suckow = Ulmus minor Mill."
"","UNKN","Unknown",NA,NA,NA
"0","WERA","Weinmannia","racemosa L.f.",NA,"kamahi"
"0","WETR","Weinmannia","trichosperma","Cav.","tineo, tenio, palo santo"
"1","WICE*","Widdringtonia","cedarbergensis","J.A. Marsh","Clanwilliam cedar"
"0","ZISP","Zizyphus spina-christi",NA,NA,"Judas tree, Christ thorn"
"0","ZYDU","Zygophyllum","dumosum","Boiss.",NA
"0","ZYSP","Zygophyllum L.",NA,NA,NA
